,Код цифровий,Код літерний,Кількість одиниць валюти,Назва валюти,Офіційний курс
33,156,CNY,1,Юань Женьміньбі,"5,8389"
32,756,CHF,1,Швейцарський франк,"46,4400"
31,752,SEK,1,Шведська крона,"3,8163"
30,203,CZK,1,Чеська крона,"1,7318"
29,826,GBP,1,Фунт стерлінгів,"52,5118"
28,348,HUF,100,Форинт,"10,6637"
27,949,TRY,1,Турецька ліра,"1,1897"
26,398,KZT,100,Теньге,"7,9931"
25,960,XDR,1,СПЗ (спеціальні права запозичення),"54,8075"
24,702,SGD,1,Сінгапурський долар,"30,8553"
23,360,IDR,1000,Рупія,"2,5978"
22,946,RON,1,Румунський лей,"8,7867"
21,643,RUB,10,Російський рубль,"4,1279"
20,710,ZAR,1,Ренд,"2,2431"
19,578,NOK,1,Норвезька крона,"3,6969"
18,554,NZD,1,Новозеландський долар,"23,6767"
17,376,ILS,1,Новий ізраїльський шекель,"11,5088"
16,498,MDL,1,Молдовський лей,"2,2713"
15,484,MXN,1,Мексиканське песо,"2,0464"
14,124,CAD,1,Канадський долар,"29,1719"
13,356,INR,10,Індійська рупія,"4,9267"
12,985,PLN,1,Злотий,"10,2342"
11,392,JPY,10,Єна,"2,6593"
10,818,EGP,1,Єгипетський фунт,"0,8267"
9,978,EUR,1,Євро,"43,6052"
8,840,USD,1,Долар США,"41,9725"
7,208,DKK,1,Данська крона,"5,8761"
6,344,HKD,1,Гонконгівський долар,"5,4450"
5,410,KRW,100,Вона,"2,8508"
4,975,BGN,1,Болгарський лев,"22,2950"
3,933,BYN,1,Білоруський рубль,"15,2561"
2,944,AZN,1,Азербайджанський манат,"24,6897"
1,036,AUD,1,Австралійський долар,"26,0943"
