,title,href,about
0,"Фінансовий аналітик, вакансія від 8 лютого 2024",https://www.work.ua/jobs/5492385/,"Повна зайнятість. Досвід роботи від 1 року. Вища освіта.
                            Мережа магазинів «СМ Маркет» запрошує фінансового аналітика приєднатися до нашої дружньої та професійної команди спеціалістів. Ви будете займатись аналітичною роботою, збирати інформацію, наповнювати базу даних…"
1,"Молодший бізнес-аналітик з впровадження ERP, вакансія від 14 лютого 2024",https://www.work.ua/jobs/4845188/,"Повна зайнятість. Також готові взяти студента. Досвід роботи від 2 років. Вища освіта.
                            Привіт! Давай познайомимось, ми — Clarity Ukraine, амбітна команда фахових ERP-консультантів, розробників, project-менеджерів та аналітиків.  Ми займаємося впровадженням всесвітньо відомої ERP системи Microsoft…"
2,"Трейдер-аналітик (Binance), вакансія від 14 лютого 2024",https://www.work.ua/jobs/5504603/,"Неповна зайнятість. Також готові взяти студента, людину з інвалідністю, ветерана.
                            Привіт! Ми — Flowspot — проп-трейдингова компанія, яка об'єднує трейдинг та освіту. Наша мета — надати трейдерам усі можливості для заробітку на ринку криптовалютних активів та забезпечити всіма інструментами професійного…"
3,"Бухгалтер-аналітик у Софіївську Борщагівку, вакансія від 13 лютого 2024",https://www.work.ua/jobs/5519812/,"Повна зайнятість. Досвід роботи від 1 року. Вища освіта.
                            Успішна логістична компанія запрошує на роботу Бухгалтера-аналітика. Гуртова торгівля, дистрибуція, імпорт, експорт. Вимоги:    знання всіх ділянок бухгалтерського обліку, податкового законодавства;   високі комунікативні…"
4,"Аналітик бізнес-процесів, вакансія від 13 лютого 2024",https://www.work.ua/jobs/5384561/,"Повна зайнятість. Досвід роботи від 1 року.
                            Компанія «Подорожник» шукає талановитого Аналітика бізнес-процесів для приєднання до нашої команди у місті Львів. Ми є однією з найбільших мереж аптек у країні і працюємо в сфері фармацевтичної роздрібної торгівлі…"
5,"Аналітик з питань комплаєнс, вакансія від 13 лютого 2024",https://www.work.ua/jobs/5512062/,"Повна зайнятість. Досвід роботи від 2 років. Вища освіта.
                            АТ «ПроКредит Банк» — спеціалізований банк для бізнесу, що входить до міжнародної групи ПроКредит, запрошує приєднатися до команди професіоналів та оголошує конкурс на посаду аналітика з питань комплаєнс в м. Київ…"
6,"Аналітик, консультант ERP (бухгалтерський та податковий облік), вакансія від 12 лютого 2024",https://www.work.ua/jobs/5360367/,"Повна зайнятість. Досвід роботи від 1 року. Вища освіта.
                            IТ-Enterpise — український розробник сучасних цифрових та хмарних рішень для управління бізнесом, постачальник та популяризатор технологій класу Industry 4.0. Наша мета — зробити все для того, щоб бізнес був простим…"
7,"Фахівець-аналітик (запчастини на ﻿корейські авто), вакансія від 12 лютого 2024",https://www.work.ua/jobs/4945536/,"Повна зайнятість. Досвід роботи від 2 років. Вища освіта.
                            Компанія EЛІТ-Україна — офіційний імпортер та один з лідерів ринку запасних частин для легкових автомобілів, комерційного транспорту і мотоциклів, а також обладнання для СТО. EЛІТ-Україна   є частиною великої міжнародної…"
8,"Аналітик з питань фінансово-економічної безпеки, вакансія від 12 лютого 2024",https://www.work.ua/jobs/5470990/,"Повна зайнятість.
                            PwC — це мережа з понад 328 000 співробітників у 157 країнах, які зосереджені на наданні послуг найвищої якості в сферах аудиту, податкового консультування, консалтингу та розвитку технологій. Обов’язки на цій посаді…"
9,"Аналітик даних та звітності, вакансія від 9 лютого 2024",https://www.work.ua/jobs/5524726/,"Повна зайнятість. Досвід роботи від 1 року.
                            Любите працювати з цифрами, таблицями та фінансами, і при цьому маєте досвід роботи пов’язаний з бухгалтерією, то ваше місце — у нашій команді! Не проґав свій шанс! Круті, адже ми:   Міжнародна команда зі 160+ професіоналів…"
10,"Аналітик, вакансія від 9 лютого 2024",https://www.work.ua/jobs/5442781/,"Повна зайнятість. Досвід роботи від 1 року.
                            Ми в пошуках нової зірки, яка стане частиною нашої команди! Давно мріяв про розвиток та гарну ЗП? Тоді читай нижче! Обов’язки та Відповідальності:   Знаходити та структурувати інформацію відповідно до замовлення…"
11,"Математик-аналітик (проєкт ""Палітра""), вакансія від 9 лютого 2024",https://www.work.ua/jobs/5371435/,"Повна зайнятість. Також готові взяти студента. Вища освіта.
                            Офіс комерційний мережі «Сільпо» запрошує у свою команду асистента для керівника на проєкт «Палітра»! Вашими основними обов’язками будуть:   Аналіз асортименту товарних категорій;   Аналітика даних;   Дослідження…"
12,"Кредитний аналітик, ризик-менеджер, вакансія від 9 лютого 2024",https://www.work.ua/jobs/5522877/,"Повна зайнятість. Досвід роботи від 2 років. Вища освіта.
                            Ми «ЕСКА Капітал» — лізингова fintech компанія. 15 років наша команда змінює ринок фінансування в Україні та допомагає розвиватися мікро-, малому та середньому бізнесу. Ми профінансували понад 2 000 підприємців…"
13,"Фінансист (бізнес-аналітика, побудова BPMN), вакансія від 15 лютого 2024",https://www.work.ua/jobs/5117745/,"Повна зайнятість. Досвід роботи від 1 року. Незакінчена вища освіта.
                            Компанія «ТОВ Гардаріка Трес» шукає досвідченого фінансиста з навичками бізнес-аналітики та побудови бізнес-процесів. Наша компанія займається дистрибуцією та інтеграцією інноваційних рішень в агросектор: fjd.com.ua…"
